<?xml version="1.0"?>
<Interface Version="1" Minor="1">
	<Ifc Id="ROOT" Top="1">
		<Bus Id="key">
			<Port Id="9" Dir="IN"/>
			<Port Id="8" Dir="IN"/>
			<Port Id="7" Dir="IN"/>
			<Port Id="6" Dir="IN"/>
			<Port Id="5" Dir="IN"/>
			<Port Id="4" Dir="IN"/>
			<Port Id="3" Dir="IN"/>
			<Port Id="2" Dir="IN"/>
			<Port Id="1" Dir="IN"/>
			<Port Id="0" Dir="IN"/>
		</Bus>
		<Port Id="clk" Dir="IN"/>
		<Port Id="rst" Dir="IN"/>
		<Port Id="star" Dir="IN"/>
		<Port Id="sharp" Dir="IN"/>
		<Port Id="arrived" Dir="OUT"/>
		<Port Id="green1" Dir="OUT"/>
		<Port Id="green2" Dir="OUT"/>
		<Port Id="green3" Dir="OUT"/>
		<Port Id="green4" Dir="OUT"/>
		<Port Id="red1" Dir="OUT"/>
		<Port Id="red2" Dir="OUT"/>
		<Port Id="red3" Dir="OUT"/>
		<Port Id="red4" Dir="OUT"/>
		<Port Id="a" Dir="OUT"/>
		<Port Id="b" Dir="OUT"/>
		<Port Id="c" Dir="OUT"/>
		<Port Id="d" Dir="OUT"/>
		<Port Id="e" Dir="OUT"/>
		<Port Id="f" Dir="OUT"/>
		<Port Id="g" Dir="OUT"/>
		<Port Id="motor_a" Dir="OUT"/>
		<Port Id="motor_b" Dir="OUT"/>
		<Port Id="motor_aa" Dir="OUT"/>
		<Port Id="motor_bb" Dir="OUT"/>
		<Port Id="sound" Dir="OUT"/>
		<Port Id="close" Dir="OUT"/>
	</Ifc>
</Interface>

